filename,width,height,class,xmin,ymin,xmax,ymax
IMG_20210113_134156610_HDR.jpg,3472,4640,Great Value Frosted Flakes,152,505,1019,1652
IMG_20210113_134156610_HDR.jpg,3472,4640,Great Value Frosted Flakes,299,2071,961,3033
IMG_20210113_134156610_HDR.jpg,3472,4640,Cinnamon Toast Crunch,895,1933,1709,2986
IMG_20210113_134156610_HDR.jpg,3472,4640,Cinnamon Toast Crunch,1538,1943,2347,2914
IMG_20210113_134156610_HDR.jpg,3472,4640,Cinnamon Toast Crunch,1261,3448,2242,4633
IMG_20210113_134156610_HDR.jpg,3472,4640,Cinnamon Toast Crunch,2133,3390,3133,4600
IMG_20210113_134156610_HDR.jpg,3472,4640,Great Value Cinnamon Crunch,2223,1757,3023,2848
IMG_20210113_134156610_HDR.jpg,3472,4640,Cinnamon Toast Crunch,919,514,1842,1619
IMG_20210113_134156610_HDR.jpg,3472,4640,Cinnamon Toast Crunch,1752,471,2623,1548
IMG_20210113_134156610_HDR.jpg,3472,4640,Cinnamon Toast Crunch,2504,438,3347,1510
IMG_20210113_134226506_HDR.jpg,3472,4640,Lucky Charms,1152,2024,1852,2962
IMG_20210113_134226506_HDR.jpg,3472,4640,Lucky Charms,1761,1943,2499,2900
IMG_20210113_134226506_HDR.jpg,3472,4640,Froot Loops,580,648,1299,1671
IMG_20210113_134226506_HDR.jpg,3472,4640,Froot Loops,2685,571,3472,1557
IMG_20210113_134226506_HDR.jpg,3472,4640,Lucky Charms,1704,3381,2604,4462
IMG_20210113_134226506_HDR.jpg,3472,4640,Lucky Charms,2428,3271,3190,4348
IMG_20210113_134226506_HDR.jpg,3472,4640,Magic Treasures,2366,1905,3119,2852
IMG_20210113_134226506_HDR.jpg,3472,4640,Trix,1,700,590,1710
IMG_20210113_134307389.jpg,3472,4640,Honey Comb,766,619,1280,1214
IMG_20210113_134307389.jpg,3472,4640,Honey Comb,1228,448,1819,1171
IMG_20210113_134307389.jpg,3472,4640,Honey Comb,1733,443,2214,1119
IMG_20210113_134307389.jpg,3472,4640,Pops,2123,543,2561,1110
IMG_20210113_134307389.jpg,3472,4640,Honey Smacks,2485,433,3009,1105
IMG_20210113_134307389.jpg,3472,4640,Honey Smacks,2899,395,3385,1067
IMG_20210113_134307389.jpg,3472,4640,Kellogs Frosted Flakes,404,1310,1014,2086
IMG_20210113_134307389.jpg,3472,4640,Kellogs Frosted Flakes,952,1290,1561,2019
IMG_20210113_134307389.jpg,3472,4640,Kellogs Frosted Flakes,419,2343,828,3005
IMG_20210113_134307389.jpg,3472,4640,Kellogs Frosted Flakes,785,2148,1342,2976
IMG_20210113_134307389.jpg,3472,4640,Kellogs Frosted Flakes,1238,2119,1780,2933
IMG_20210113_134307389.jpg,3472,4640,Kellogs Frosted Flakes,533,3214,1023,4076
IMG_20210113_134307389.jpg,3472,4640,Kellogs Frosted Flakes,942,3167,1514,4119
IMG_20210113_134307389.jpg,3472,4640,Kellogs Frosted Flakes,1409,3119,1985,3986
IMG_20210113_134307389.jpg,3472,4640,Kellogs Frosted Flakes,1857,3033,2371,3829
IMG_20210113_134307389.jpg,3472,4640,Great Value Frosted Flakes,2071,2205,2585,2833
IMG_20210113_134307389.jpg,3472,4640,Great Value Frosted Flakes,1714,2243,2142,2905
IMG_20210113_134307389.jpg,3472,4640,Great Value Frosted Flakes,2014,1214,2604,2005
IMG_20210113_134307389.jpg,3472,4640,Cinnamon Toast Crunch,2457,1195,3090,1924
IMG_20210113_134307389.jpg,3472,4640,Cinnamon Toast Crunch,2509,2138,3076,2776
IMG_20210113_134307389.jpg,3472,4640,Cinnamon Toast Crunch,2957,2052,3447,2733
IMG_20210113_134307389.jpg,3472,4640,Cinnamon Toast Crunch,2766,3071,3472,3781
IMG_20210113_134230037_HDR.jpg,3472,4640,Cinnamon Toast Crunch,47,490,976,1619
IMG_20210113_134230037_HDR.jpg,3472,4640,Cinnamon Toast Crunch,899,514,1776,1619
IMG_20210113_134230037_HDR.jpg,3472,4640,Cinnamon Toast Crunch,1676,510,2538,1595
IMG_20210113_134230037_HDR.jpg,3472,4640,Cinnamon Toast Crunch,695,2000,1466,3057
IMG_20210113_134230037_HDR.jpg,3472,4640,Cinnamon Toast Crunch,1,1986,723,3152
IMG_20210113_134230037_HDR.jpg,3472,4640,Cinnamon Toast Crunch,2571,3176,3247,4067
IMG_20210113_134230037_HDR.jpg,3472,4640,Cinnamon Toast Crunch,1952,3252,2661,4081
IMG_20210113_134230037_HDR.jpg,3472,4640,Cinnamon Toast Crunch,1214,3500,2185,4640
IMG_20210113_134230037_HDR.jpg,3472,4640,Cinnamon Toast Crunch,247,3629,1242,4640
IMG_20210113_134230037_HDR.jpg,3472,4640,Great Value Cinnamon Crunch,1347,1857,2123,2962
IMG_20210113_134230037_HDR.jpg,3472,4640,Great Value Cinnamon Crunch,2009,1819,2771,2895
IMG_20210113_134230037_HDR.jpg,3472,4640,Trix,2404,548,3266,1538
IMG_20210113_134247292_HDR.jpg,3472,4640,Great Value Cinnamon Crunch,1,1176,1271,3233
IMG_20210113_134247292_HDR.jpg,3472,4640,Cinnamon Toast Crunch,1080,1071,2842,3057
IMG_20210113_134310560.jpg,3472,4640,Honey Comb,314,395,914,1143
IMG_20210113_134310560.jpg,3472,4640,Pops,838,386,1352,1129
IMG_20210113_134310560.jpg,3472,4640,Pops,1285,490,1785,1095
IMG_20210113_134310560.jpg,3472,4640,Honey Smacks,1695,357,2219,1024
IMG_20210113_134310560.jpg,3472,4640,Honey Smacks,2104,319,2619,986
IMG_20210113_134310560.jpg,3472,4640,Golden Grahams,2528,424,3099,1010
IMG_20210113_134310560.jpg,3472,4640,Great Value Frosted Flakes,1123,1195,1733,1948
IMG_20210113_134310560.jpg,3472,4640,Kellogs Frosted Flakes,1,1257,609,2095
IMG_20210113_134310560.jpg,3472,4640,Kellogs Frosted Flakes,238,2143,795,3019
IMG_20210113_134310560.jpg,3472,4640,Kellogs Frosted Flakes,976,3071,1442,3905
IMG_20210113_134310560.jpg,3472,4640,Kellogs Frosted Flakes,390,3195,952,4138
IMG_20210113_134310560.jpg,3472,4640,Great Value Frosted Flakes,804,2286,1266,2938
IMG_20210113_134310560.jpg,3472,4640,Great Value Frosted Flakes,1223,2238,1709,2881
IMG_20210113_134310560.jpg,3472,4640,Cinnamon Toast Crunch,1642,2143,2180,2867
IMG_20210113_134310560.jpg,3472,4640,Cinnamon Toast Crunch,2076,2143,2619,2829
IMG_20210113_134310560.jpg,3472,4640,Cinnamon Toast Crunch,1638,1171,2257,1933
IMG_20210113_134310560.jpg,3472,4640,Cinnamon Toast Crunch,2161,1105,2790,1886
IMG_20210113_134310560.jpg,3472,4640,Cinnamon Toast Crunch,2685,1043,3314,1819
IMG_20210113_134310560.jpg,3472,4640,Great Value Cinnamon Crunch,2533,2005,3071,2767
IMG_20210113_134310560.jpg,3472,4640,Cinnamon Toast Crunch,1895,3181,2576,3914
IMG_20210113_134310560.jpg,3472,4640,Cinnamon Toast Crunch,2476,3133,3157,3852
IMG_20210113_134310560.jpg,3472,4640,Cinnamon Toast Crunch,2595,3952,3299,4640
IMG_20210113_134227381_HDR.jpg,3472,4640,Trix,690,657,1538,1643
IMG_20210113_134227381_HDR.jpg,3472,4640,Trix,1,652,747,1686
IMG_20210113_134227381_HDR.jpg,3472,4640,Froot Loops,1423,614,2133,1652
IMG_20210113_134227381_HDR.jpg,3472,4640,Lucky Charms,1976,1943,2666,2838
IMG_20210113_134227381_HDR.jpg,3472,4640,Lucky Charms,2580,1910,3290,2790
IMG_20210113_134227381_HDR.jpg,3472,4640,Lucky Charms,2547,3290,3438,4362
IMG_20210113_134227381_HDR.jpg,3472,4640,Cinnamon Toast Crunch,433,3371,1157,4276
IMG_20210113_134231142_HDR.jpg,3472,4640,Great Value Frosted Flakes,414,329,1314,1543
IMG_20210113_134231142_HDR.jpg,3472,4640,Great Value Frosted Flakes,547,2010,1280,3038
IMG_20210113_134231142_HDR.jpg,3472,4640,Cinnamon Toast Crunch,1204,1886,2033,3005
IMG_20210113_134231142_HDR.jpg,3472,4640,Cinnamon Toast Crunch,1904,1867,2638,2905
IMG_20210113_134231142_HDR.jpg,3472,4640,Cinnamon Toast Crunch,1552,3490,2604,4638
IMG_20210113_134231142_HDR.jpg,3472,4640,Cinnamon Toast Crunch,2461,3338,3428,4610
IMG_20210113_134231142_HDR.jpg,3472,4640,Kellogs Frosted Flakes,85,3362,871,4640
IMG_20210113_134231142_HDR.jpg,3472,4640,Great Value Cinnamon Crunch,2471,1743,3285,2843
IMG_20210113_134231142_HDR.jpg,3472,4640,Cinnamon Toast Crunch,1219,424,2123,1519
IMG_20210113_134231142_HDR.jpg,3472,4640,Cinnamon Toast Crunch,1990,424,2876,1505
IMG_20210113_134231142_HDR.jpg,3472,4640,Cinnamon Toast Crunch,2747,429,3472,1462
IMG_20210113_134311640.jpg,3472,4640,Pops,423,381,961,1143
IMG_20210113_134311640.jpg,3472,4640,Pops,904,462,1380,1100
IMG_20210113_134311640.jpg,3472,4640,Honey Smacks,1319,338,1804,1038
IMG_20210113_134311640.jpg,3472,4640,Honey Smacks,1733,314,2257,1029
IMG_20210113_134311640.jpg,3472,4640,Golden Grahams,2147,429,2723,990
IMG_20210113_134311640.jpg,3472,4640,Golden Grahams,2599,290,3257,933
IMG_20210113_134311640.jpg,3472,4640,Great Value Frosted Flakes,714,1195,1276,1981
IMG_20210113_134311640.jpg,3472,4640,Great Value Frosted Flakes,380,2338,842,2981
IMG_20210113_134311640.jpg,3472,4640,Great Value Frosted Flakes,819,2262,1271,2933
IMG_20210113_134311640.jpg,3472,4640,Kellogs Frosted Flakes,552,3167,1047,3986
IMG_20210113_134311640.jpg,3472,4640,Cinnamon Toast Crunch,1214,2186,1757,2914
IMG_20210113_134311640.jpg,3472,4640,Cinnamon Toast Crunch,1661,2171,2190,2862
IMG_20210113_134311640.jpg,3472,4640,Cinnamon Toast Crunch,1214,1176,1842,1957
IMG_20210113_134311640.jpg,3472,4640,Cinnamon Toast Crunch,1766,1119,2390,1900
IMG_20210113_134311640.jpg,3472,4640,Cinnamon Toast Crunch,2299,1062,2933,1843
IMG_20210113_134311640.jpg,3472,4640,Trix,2842,1067,3452,1814
IMG_20210113_134311640.jpg,3472,4640,Great Value Cinnamon Crunch,2114,2024,2671,2795
IMG_20210113_134311640.jpg,3472,4640,Great Value Cinnamon Crunch,2566,1967,3119,2795
IMG_20210113_134311640.jpg,3472,4640,Cinnamon Toast Crunch,1466,3200,2123,3967
IMG_20210113_134311640.jpg,3472,4640,Cinnamon Toast Crunch,2052,3162,2747,3943
IMG_20210113_134311640.jpg,3472,4640,Cinnamon Toast Crunch,2542,3062,3090,3657
IMG_20210113_134311640.jpg,3472,4640,Cinnamon Toast Crunch,2714,3905,3433,4640
IMG_20210113_134232192_HDR.jpg,3472,4640,Kellogs Frosted Flakes,214,1657,1133,3081
IMG_20210113_134232192_HDR.jpg,3472,4640,Kellogs Frosted Flakes,1299,3228,2128,4557
IMG_20210113_134232192_HDR.jpg,3472,4640,Cinnamon Toast Crunch,2438,1724,3342,2867
IMG_20210113_134232192_HDR.jpg,3472,4640,Great Value Frosted Flakes,1733,1871,2528,2886
IMG_20210113_134232192_HDR.jpg,3472,4640,Great Value Frosted Flakes,1042,1962,1804,2971
IMG_20210113_134232192_HDR.jpg,3472,4640,Great Value Frosted Flakes,1647,176,2585,1405
IMG_20210113_134232192_HDR.jpg,3472,4640,Cinnamon Toast Crunch,2423,252,3323,1386
IMG_20210113_134234368_HDR.jpg,3472,4640,Kellogs Frosted Flakes,657,200,1657,1433
IMG_20210113_134234368_HDR.jpg,3472,4640,Kellogs Frosted Flakes,1552,157,2514,1390
IMG_20210113_134234368_HDR.jpg,3472,4640,Kellogs Frosted Flakes,1323,1519,2261,2986
IMG_20210113_134234368_HDR.jpg,3472,4640,Kellogs Frosted Flakes,2114,1486,3042,2876
IMG_20210113_134234368_HDR.jpg,3472,4640,Kellogs Frosted Flakes,647,1924,1452,3000
IMG_20210113_134234368_HDR.jpg,3472,4640,Kellogs Frosted Flakes,2376,3214,3390,4640
IMG_20210113_134234368_HDR.jpg,3472,4640,Kellogs Frosted Flakes,857,3343,1699,4640
IMG_20210113_134234368_HDR.jpg,3472,4640,Kellogs Frosted Flakes,1623,3295,2557,4640
IMG_20210113_134154132_HDR.jpg,3472,4640,Great Value Frosted Flakes,2285,1886,3070,2848
IMG_20210113_134154132_HDR.jpg,3472,4640,Kellogs Frosted Flakes,299,1762,1157,3067
IMG_20210113_134154132_HDR.jpg,3472,4640,Kellogs Frosted Flakes,1033,1733,1842,2986
IMG_20210113_134154132_HDR.jpg,3472,4640,Kellogs Frosted Flakes,590,505,1495,1624
IMG_20210113_134154132_HDR.jpg,3472,4640,Kellogs Frosted Flakes,1280,3248,2142,4640
IMG_20210113_134154132_HDR.jpg,3472,4640,Kellogs Frosted Flakes,1928,3128,2685,4290
IMG_20210113_134154132_HDR.jpg,3472,4640,Great Value Frosted Flakes,2152,405,3128,1510
IMG_20210113_134308469.jpg,3472,4640,Honey Comb,538,595,1099,1190
IMG_20210113_134308469.jpg,3472,4640,Honey Comb,1033,395,1604,1119
IMG_20210113_134308469.jpg,3472,4640,Pops,1547,371,2057,1100
IMG_20210113_134308469.jpg,3472,4640,Pops,1966,467,2438,1038
IMG_20210113_134308469.jpg,3472,4640,Honey Smacks,2323,333,2895,1010
IMG_20210113_134308469.jpg,3472,4640,Honey Smacks,2747,286,3290,976
IMG_20210113_134308469.jpg,3472,4640,Kellogs Frosted Flakes,199,1281,799,2095
IMG_20210113_134308469.jpg,3472,4640,Kellogs Frosted Flakes,766,1243,1361,2038
IMG_20210113_134308469.jpg,3472,4640,Kellogs Frosted Flakes,566,2129,1114,2981
IMG_20210113_134308469.jpg,3472,4640,Kellogs Frosted Flakes,1033,2105,1585,2924
IMG_20210113_134308469.jpg,3472,4640,Kellogs Frosted Flakes,180,2338,638,3024
IMG_20210113_134308469.jpg,3472,4640,Kellogs Frosted Flakes,714,3176,1276,4095
IMG_20210113_134308469.jpg,3472,4640,Kellogs Frosted Flakes,299,3233,795,4114
IMG_20210113_134308469.jpg,3472,4640,Kellogs Frosted Flakes,1209,3129,1785,4019
IMG_20210113_134308469.jpg,3472,4640,Kellogs Frosted Flakes,1666,3048,2171,3848
IMG_20210113_134308469.jpg,3472,4640,Great Value Frosted Flakes,1823,1176,2466,1924
IMG_20210113_134308469.jpg,3472,4640,Great Value Frosted Flakes,1904,2186,2419,2838
IMG_20210113_134308469.jpg,3472,4640,Great Value Frosted Flakes,1499,2267,2023,2905
IMG_20210113_134308469.jpg,3472,4640,Cinnamon Toast Crunch,2342,2090,2942,2795
IMG_20210113_134308469.jpg,3472,4640,Cinnamon Toast Crunch,2814,2086,3380,2748
IMG_20210113_134308469.jpg,3472,4640,Cinnamon Toast Crunch,2314,1100,2961,1881
IMG_20210113_134308469.jpg,3472,4640,Cinnamon Toast Crunch,2857,1067,3472,1838
IMG_20210113_134308469.jpg,3472,4640,Cinnamon Toast Crunch,2638,3110,3328,3819
IMG_20210113_134308469.jpg,3472,4640,Cinnamon Toast Crunch,2742,3890,3472,4640
IMG_20210113_134314014.jpg,3472,4640,Great Value Frosted Flakes,52,1190,680,2010
IMG_20210113_134314014.jpg,3472,4640,Great Value Frosted Flakes,161,2305,585,3024
IMG_20210113_134314014.jpg,3472,4640,Cinnamon Toast Crunch,547,2210,1099,2981
IMG_20210113_134314014.jpg,3472,4640,Cinnamon Toast Crunch,1038,2210,1571,2933
IMG_20210113_134314014.jpg,3472,4640,Cinnamon Toast Crunch,604,1190,1199,2005
IMG_20210113_134314014.jpg,3472,4640,Cinnamon Toast Crunch,1185,1114,1795,1910
IMG_20210113_134314014.jpg,3472,4640,Cinnamon Toast Crunch,1714,1076,2357,1890
IMG_20210113_134314014.jpg,3472,4640,Cinnamon Toast Crunch,780,3281,1438,4076
IMG_20210113_134314014.jpg,3472,4640,Cinnamon Toast Crunch,1385,3248,2052,4010
IMG_20210113_134314014.jpg,3472,4640,Cinnamon Toast Crunch,2033,3076,2604,3757
IMG_20210113_134314014.jpg,3472,4640,Cinnamon Toast Crunch,2514,3033,3104,3686
IMG_20210113_134314014.jpg,3472,4640,Great Value Cinnamon Crunch,1471,2095,2042,2886
IMG_20210113_134314014.jpg,3472,4640,Great Value Cinnamon Crunch,1957,2038,2542,2833
IMG_20210113_134314014.jpg,3472,4640,Trix,2276,1048,2957,1829
IMG_20210113_134314014.jpg,3472,4640,Golden Grahams,1576,395,2147,990
IMG_20210113_134314014.jpg,3472,4640,Golden Grahams,2104,214,2709,895
IMG_20210113_134314014.jpg,3472,4640,Honey Smacks,728,343,1195,1033
IMG_20210113_134314014.jpg,3472,4640,Honey Smacks,1147,286,1647,1010
IMG_20210113_134314014.jpg,3472,4640,Pops,338,490,742,1071
IMG_20210113_134314014.jpg,3472,4640,Trix,2842,986,3472,1762
IMG_20210113_134151190_HDR.jpg,3472,4640,Kellogs Frosted Flakes,433,505,1285,1648
IMG_20210113_134151190_HDR.jpg,3472,4640,Kellogs Frosted Flakes,1180,500,2057,1590
IMG_20210113_134151190_HDR.jpg,3472,4640,Kellogs Frosted Flakes,1961,448,2790,1519
IMG_20210113_134151190_HDR.jpg,3472,4640,Kellogs Frosted Flakes,509,1976,1238,3000
IMG_20210113_134151190_HDR.jpg,3472,4640,Kellogs Frosted Flakes,1166,2000,1857,2919
IMG_20210113_134151190_HDR.jpg,3472,4640,Kellogs Frosted Flakes,1776,1671,2595,2857
IMG_20210113_134151190_HDR.jpg,3472,4640,Kellogs Frosted Flakes,2461,1633,3238,2781
IMG_20210113_134151190_HDR.jpg,3472,4640,Kellogs Frosted Flakes,2023,3181,2885,4529
IMG_20210113_134151190_HDR.jpg,3472,4640,Kellogs Frosted Flakes,1361,3210,2128,4419
IMG_20210113_134153083_HDR.jpg,3472,4640,Kellogs Frosted Flakes,485,514,1380,1595
IMG_20210113_134153083_HDR.jpg,3472,4640,Kellogs Frosted Flakes,1285,476,2171,1581
IMG_20210113_134153083_HDR.jpg,3472,4640,Kellogs Frosted Flakes,1061,1733,1890,2976
IMG_20210113_134153083_HDR.jpg,3472,4640,Kellogs Frosted Flakes,1757,1662,2561,2886
IMG_20210113_134153083_HDR.jpg,3472,4640,Kellogs Frosted Flakes,471,2057,1166,3029
IMG_20210113_134153083_HDR.jpg,3472,4640,Kellogs Frosted Flakes,2004,3152,2899,4538
IMG_20210113_134153083_HDR.jpg,3472,4640,Kellogs Frosted Flakes,1314,3243,2171,4640
IMG_20210113_134153083_HDR.jpg,3472,4640,Kellogs Frosted Flakes,661,3305,1419,4600
IMG_20210113_134312590.jpg,3472,4640,Pops,80,381,590,1138
IMG_20210113_134312590.jpg,3472,4640,Pops,595,476,1052,1071
IMG_20210113_134312590.jpg,3472,4640,Honey Smacks,990,348,1457,1067
IMG_20210113_134312590.jpg,3472,4640,Honey Smacks,1385,319,1914,1000
IMG_20210113_134312590.jpg,3472,4640,Golden Grahams,1847,395,2419,967
IMG_20210113_134312590.jpg,3472,4640,Golden Grahams,2323,248,2971,914
IMG_20210113_134312590.jpg,3472,4640,Great Value Frosted Flakes,319,1195,942,2024
IMG_20210113_134312590.jpg,3472,4640,Great Value Frosted Flakes,61,2362,480,3005
IMG_20210113_134312590.jpg,3472,4640,Great Value Frosted Flakes,466,2295,885,2986
IMG_20210113_134312590.jpg,3472,4640,Cinnamon Toast Crunch,857,2214,1385,2929
IMG_20210113_134312590.jpg,3472,4640,Cinnamon Toast Crunch,1309,2205,1842,2895
IMG_20210113_134312590.jpg,3472,4640,Cinnamon Toast Crunch,1080,3248,1747,4052
IMG_20210113_134312590.jpg,3472,4640,Cinnamon Toast Crunch,1709,3195,2366,3995
IMG_20210113_134312590.jpg,3472,4640,Cinnamon Toast Crunch,2228,3057,2818,3681
IMG_20210113_134312590.jpg,3472,4640,Cinnamon Toast Crunch,2723,3006,3304,3596
IMG_20210113_134312590.jpg,3472,4640,Kellogs Frosted Flakes,219,3219,719,4052
IMG_20210113_134312590.jpg,3472,4640,Great Value Cinnamon Crunch,1752,2057,2342,2857
IMG_20210113_134312590.jpg,3472,4640,Great Value Cinnamon Crunch,2204,2014,2828,2819
IMG_20210113_134312590.jpg,3472,4640,Cinnamon Toast Crunch,880,1176,1533,2000
IMG_20210113_134312590.jpg,3472,4640,Cinnamon Toast Crunch,1433,1133,2057,1929
IMG_20210113_134312590.jpg,3472,4640,Cinnamon Toast Crunch,1976,1071,2647,1867
IMG_20210113_134312590.jpg,3472,4640,Trix,2523,1038,3195,1833
IMG_20210113_134211767_HDR.jpg,3472,4640,Kellogs Frosted Flakes,128,795,914,1819
IMG_20210113_134211767_HDR.jpg,3472,4640,Kellogs Frosted Flakes,847,800,1614,1757
IMG_20210113_134211767_HDR.jpg,3472,4640,Kellogs Frosted Flakes,1523,767,2280,1729
IMG_20210113_134211767_HDR.jpg,3472,4640,Kellogs Frosted Flakes,1376,1862,2061,2900
IMG_20210113_134211767_HDR.jpg,3472,4640,Kellogs Frosted Flakes,1966,1814,2623,2829
IMG_20210113_134211767_HDR.jpg,3472,4640,Kellogs Frosted Flakes,823,2124,1433,2929
IMG_20210113_134211767_HDR.jpg,3472,4640,Kellogs Frosted Flakes,204,2143,861,3052
IMG_20210113_134211767_HDR.jpg,3472,4640,Kellogs Frosted Flakes,295,3343,1023,4557
IMG_20210113_134211767_HDR.jpg,3472,4640,Kellogs Frosted Flakes,976,3248,1661,4314
IMG_20210113_134211767_HDR.jpg,3472,4640,Kellogs Frosted Flakes,1571,3190,2319,4400
IMG_20210113_134211767_HDR.jpg,3472,4640,Kellogs Frosted Flakes,2176,3129,2899,4276
IMG_20210113_134211767_HDR.jpg,3472,4640,Great Value Frosted Flakes,2866,2000,3472,2776
IMG_20210113_134243028_HDR.jpg,3472,4640,Great Value Frosted Flakes,947,1681,1966,3005
IMG_20210113_134243028_HDR.jpg,3472,4640,Great Value Frosted Flakes,1861,1519,2952,2905
IMG_20210113_134214414_HDR.jpg,3472,4640,Kellogs Frosted Flakes,195,676,1071,1724
IMG_20210113_134214414_HDR.jpg,3472,4640,Kellogs Frosted Flakes,580,1848,1342,2971
IMG_20210113_134214414_HDR.jpg,3472,4640,Kellogs Frosted Flakes,99,3362,890,4640
IMG_20210113_134214414_HDR.jpg,3472,4640,Kellogs Frosted Flakes,819,3295,1623,4548
IMG_20210113_134214414_HDR.jpg,3472,4640,Kellogs Frosted Flakes,1476,3152,2199,4252
IMG_20210113_134214414_HDR.jpg,3472,4640,Great Value Frosted Flakes,1757,548,2552,1624
IMG_20210113_134214414_HDR.jpg,3472,4640,Great Value Frosted Flakes,1261,2067,1923,2943
IMG_20210113_134214414_HDR.jpg,3472,4640,Great Value Frosted Flakes,1847,1981,2557,2881
IMG_20210113_134214414_HDR.jpg,3472,4640,Cinnamon Toast Crunch,2419,1843,3261,2819
IMG_20210113_134214414_HDR.jpg,3472,4640,Cinnamon Toast Crunch,2428,538,3257,1581
IMG_20210113_134217498_HDR.jpg,3472,4640,Cinnamon Toast Crunch,176,633,1052,1690
IMG_20210113_134217498_HDR.jpg,3472,4640,Cinnamon Toast Crunch,980,548,1852,1700
IMG_20210113_134217498_HDR.jpg,3472,4640,Cinnamon Toast Crunch,1747,481,2614,1710
IMG_20210113_134217498_HDR.jpg,3472,4640,Cinnamon Toast Crunch,71,2029,842,3100
IMG_20210113_134217498_HDR.jpg,3472,4640,Cinnamon Toast Crunch,771,2024,1557,3048
IMG_20210113_134217498_HDR.jpg,3472,4640,Cinnamon Toast Crunch,347,3557,1333,4640
IMG_20210113_134217498_HDR.jpg,3472,4640,Cinnamon Toast Crunch,1233,3510,2242,4640
IMG_20210113_134217498_HDR.jpg,3472,4640,Cinnamon Toast Crunch,2123,3229,2876,4181
IMG_20210113_134217498_HDR.jpg,3472,4640,Cinnamon Toast Crunch,2766,3133,3472,4062
IMG_20210113_134217498_HDR.jpg,3472,4640,Great Value Cinnamon Crunch,1447,1833,2209,2962
IMG_20210113_134217498_HDR.jpg,3472,4640,Great Value Cinnamon Crunch,2080,1781,2904,2914
IMG_20210113_134217498_HDR.jpg,3472,4640,Trix,2523,481,3419,1538
IMG_20210113_134155480_HDR.jpg,3472,4640,Great Value Frosted Flakes,1133,467,1999,1571
IMG_20210113_134155480_HDR.jpg,3472,4640,Great Value Frosted Flakes,633,2067,1333,3014
IMG_20210113_134155480_HDR.jpg,3472,4640,Great Value Frosted Flakes,1247,1990,1971,2962
IMG_20210113_134155480_HDR.jpg,3472,4640,Cinnamon Toast Crunch,1890,486,2761,1543
IMG_20210113_134155480_HDR.jpg,3472,4640,Cinnamon Toast Crunch,1871,1871,2714,2900
IMG_20210113_134155480_HDR.jpg,3472,4640,Cinnamon Toast Crunch,2542,1814,3314,2824
IMG_20210113_134155480_HDR.jpg,3472,4640,Cinnamon Toast Crunch,2276,3314,3266,4438
IMG_20210113_134155480_HDR.jpg,3472,4640,Kellogs Frosted Flakes,814,3219,1704,4490
IMG_20210113_134248691_HDR.jpg,3472,4640,Lucky Charms,1590,1152,3095,3048
IMG_20210113_134303881.jpg,3472,4640,Kellogs Frosted Flakes,614,1295,1195,2062
IMG_20210113_134303881.jpg,3472,4640,Kellogs Frosted Flakes,1147,1252,1714,2043
IMG_20210113_134303881.jpg,3472,4640,Kellogs Frosted Flakes,1647,1243,2238,1981
IMG_20210113_134303881.jpg,3472,4640,Kellogs Frosted Flakes,695,2286,1171,2962
IMG_20210113_134303881.jpg,3472,4640,Kellogs Frosted Flakes,1123,2262,1595,2938
IMG_20210113_134303881.jpg,3472,4640,Kellogs Frosted Flakes,1523,2086,2047,2857
IMG_20210113_134303881.jpg,3472,4640,Kellogs Frosted Flakes,1976,2057,2485,2848
IMG_20210113_134303881.jpg,3472,4640,Kellogs Frosted Flakes,742,3195,1319,4081
IMG_20210113_134303881.jpg,3472,4640,Kellogs Frosted Flakes,1242,3110,1771,3910
IMG_20210113_134303881.jpg,3472,4640,Kellogs Frosted Flakes,1690,3048,2209,3938
IMG_20210113_134303881.jpg,3472,4640,Kellogs Frosted Flakes,2119,3010,2685,3838
IMG_20210113_134303881.jpg,3472,4640,Kellogs Frosted Flakes,2499,2943,2995,3705
IMG_20210113_134303881.jpg,3472,4640,Kellogs Frosted Flakes,2714,3781,3314,4640
IMG_20210113_134303881.jpg,3472,4640,Great Value Frosted Flakes,2633,1191,3285,1919
IMG_20210113_134303881.jpg,3472,4640,Great Value Frosted Flakes,2690,2157,3214,2762
IMG_20210113_134303881.jpg,3472,4640,Kix,628,524,1223,1205
IMG_20210113_134303881.jpg,3472,4640,Honey Comb,1399,595,1938,1176
IMG_20210113_134303881.jpg,3472,4640,Honey Comb,1904,467,2466,1152
IMG_20210113_134303881.jpg,3472,4640,Pops,2395,452,2871,1110
IMG_20210113_134213388_HDR.jpg,3472,4640,Kellogs Frosted Flakes,223,733,1014,1771
IMG_20210113_134213388_HDR.jpg,3472,4640,Kellogs Frosted Flakes,952,700,1752,1719
IMG_20210113_134213388_HDR.jpg,3472,4640,Kellogs Frosted Flakes,728,1857,1476,3024
IMG_20210113_134213388_HDR.jpg,3472,4640,Kellogs Frosted Flakes,1347,1795,2085,2933
IMG_20210113_134213388_HDR.jpg,3472,4640,Kellogs Frosted Flakes,214,2133,790,3048
IMG_20210113_134213388_HDR.jpg,3472,4640,Kellogs Frosted Flakes,933,3271,1728,4586
IMG_20210113_134213388_HDR.jpg,3472,4640,Kellogs Frosted Flakes,1590,3205,2371,4448
IMG_20210113_134213388_HDR.jpg,3472,4640,Kellogs Frosted Flakes,333,3343,1057,4495
IMG_20210113_134213388_HDR.jpg,3472,4640,Kellogs Frosted Flakes,2166,3110,2809,4124
IMG_20210113_134213388_HDR.jpg,3472,4640,Great Value Frosted Flakes,2442,1962,3171,2824
IMG_20210113_134213388_HDR.jpg,3472,4640,Great Value Frosted Flakes,1985,2052,2557,2857
IMG_20210113_134213388_HDR.jpg,3472,4640,Great Value Frosted Flakes,2347,600,3199,1643
IMG_20210113_134305362.jpg,3472,4640,Kix,590,538,1152,1190
IMG_20210113_134305362.jpg,3472,4640,Honey Comb,1371,600,1890,1171
IMG_20210113_134305362.jpg,3472,4640,Honey Comb,1847,467,2414,1138
IMG_20210113_134305362.jpg,3472,4640,Pops,2342,457,2814,1114
IMG_20210113_134305362.jpg,3472,4640,Kellogs Frosted Flakes,571,1310,1147,2081
IMG_20210113_134305362.jpg,3472,4640,Kellogs Frosted Flakes,1080,1281,1666,2038
IMG_20210113_134305362.jpg,3472,4640,Kellogs Frosted Flakes,1609,1238,2166,1976
IMG_20210113_134305362.jpg,3472,4640,Kellogs Frosted Flakes,647,2286,1128,2962
IMG_20210113_134305362.jpg,3472,4640,Kellogs Frosted Flakes,1085,2286,1547,2914
IMG_20210113_134305362.jpg,3472,4640,Kellogs Frosted Flakes,1476,2071,2004,2881
IMG_20210113_134305362.jpg,3472,4640,Kellogs Frosted Flakes,1923,2052,2438,2852
IMG_20210113_134305362.jpg,3472,4640,Kellogs Frosted Flakes,704,3190,1214,4057
IMG_20210113_134305362.jpg,3472,4640,Kellogs Frosted Flakes,1199,3095,1704,3910
IMG_20210113_134305362.jpg,3472,4640,Kellogs Frosted Flakes,1647,3071,2185,3938
IMG_20210113_134305362.jpg,3472,4640,Kellogs Frosted Flakes,2080,3000,2623,3852
IMG_20210113_134305362.jpg,3472,4640,Kellogs Frosted Flakes,2671,3781,3247,4640
IMG_20210113_134305362.jpg,3472,4640,Kellogs Frosted Flakes,2438,2938,2895,3738
IMG_20210113_134305362.jpg,3472,4640,Great Value Frosted Flakes,2590,1195,3195,1924
IMG_20210113_134305362.jpg,3472,4640,Great Value Frosted Flakes,2638,2143,3171,2786
IMG_20210113_134240517_HDR.jpg,3472,4640,Kellogs Frosted Flakes,1795,1138,3028,2986
IMG_20210113_134240517_HDR.jpg,3472,4640,Kellogs Frosted Flakes,861,1648,1894,3044
IMG_20210113_134245896_HDR.jpg,3472,4640,Cinnamon Toast Crunch,495,1438,1723,3138
IMG_20210113_134245896_HDR.jpg,3472,4640,Great Value Cinnamon Crunch,1590,1119,2957,2981
IMG_20210113_134218801_HDR.jpg,3472,4640,Cinnamon Toast Crunch,361,538,1309,1676
IMG_20210113_134218801_HDR.jpg,3472,4640,Cinnamon Toast Crunch,1014,3333,1761,4305
IMG_20210113_134218801_HDR.jpg,3472,4640,Cinnamon Toast Crunch,1657,3267,2428,4176
IMG_20210113_134218801_HDR.jpg,3472,4640,Great Value Cinnamon Crunch,657,1895,1466,3067
IMG_20210113_134218801_HDR.jpg,3472,4640,Great Value Cinnamon Crunch,1,1957,704,3162
IMG_20210113_134218801_HDR.jpg,3472,4640,Trix,1214,562,2104,1605
IMG_20210113_134218801_HDR.jpg,3472,4640,Trix,2014,510,2890,1524
IMG_20210113_134218801_HDR.jpg,3472,4640,Froot Loops,2685,433,3472,1486
IMG_20210113_134250512_HDR.jpg,3472,4640,Magic Treasures,533,1171,1985,3090
IMG_20210113_134250512_HDR.jpg,3472,4640,Lucky Charms,1804,595,3472,3048
IMG_20210113_134225092_HDR.jpg,3472,4640,Lucky Charms,1,2019,685,3100
IMG_20210113_134225092_HDR.jpg,3472,4640,Lucky Charms,652,1905,1428,3000
IMG_20210113_134225092_HDR.jpg,3472,4640,Lucky Charms,552,3543,1528,4640
IMG_20210113_134225092_HDR.jpg,3472,4640,Lucky Charms,1433,3424,2352,4610
IMG_20210113_134225092_HDR.jpg,3472,4640,Lucky Charms,2247,3295,3266,4538
IMG_20210113_134225092_HDR.jpg,3472,4640,Lucky Charms,2019,1567,3019,2876
IMG_20210113_134225092_HDR.jpg,3472,4640,Magic Treasures,1314,1881,2147,2943
IMG_20210113_134225092_HDR.jpg,3472,4640,Froot Loops,1823,343,2776,1452
IMG_20210113_134225092_HDR.jpg,3472,4640,Froot Loops,2657,510,3472,1429
IMG_20210113_134309556.jpg,3472,4640,Honey Comb,228,586,766,1176
IMG_20210113_134309556.jpg,3472,4640,Honey Comb,661,395,1276,1124
IMG_20210113_134309556.jpg,3472,4640,Pops,1209,352,1728,1085
IMG_20210113_134309556.jpg,3472,4640,Pops,1633,452,2109,1052
IMG_20210113_134309556.jpg,3472,4640,Honey Smacks,2038,324,2566,995
IMG_20210113_134309556.jpg,3472,4640,Honey Smacks,2447,286,2985,971
IMG_20210113_134309556.jpg,3472,4640,Kellogs Frosted Flakes,376,1233,971,2076
IMG_20210113_134309556.jpg,3472,4640,Kellogs Frosted Flakes,166,2152,742,3019
IMG_20210113_134309556.jpg,3472,4640,Kellogs Frosted Flakes,647,2119,1209,2957
IMG_20210113_134309556.jpg,3472,4640,Kellogs Frosted Flakes,299,3210,895,4148
IMG_20210113_134309556.jpg,3472,4640,Kellogs Frosted Flakes,814,3152,1409,4052
IMG_20210113_134309556.jpg,3472,4640,Kellogs Frosted Flakes,1323,3076,1880,3919
IMG_20210113_134309556.jpg,3472,4640,Great Value Frosted Flakes,1133,2257,1666,2919
IMG_20210113_134309556.jpg,3472,4640,Great Value Frosted Flakes,1590,2205,2085,2886
IMG_20210113_134309556.jpg,3472,4640,Great Value Frosted Flakes,1485,1157,2061,1933
IMG_20210113_134309556.jpg,3472,4640,Cinnamon Toast Crunch,1990,1162,2628,1905
IMG_20210113_134309556.jpg,3472,4640,Cinnamon Toast Crunch,1999,2081,2585,2848
IMG_20210113_134309556.jpg,3472,4640,Cinnamon Toast Crunch,2442,2090,2990,2771
IMG_20210113_134309556.jpg,3472,4640,Cinnamon Toast Crunch,2271,3119,2990,3876
IMG_20210113_134309556.jpg,3472,4640,Great Value Cinnamon Crunch,2885,1990,3471,2776
IMG_20210113_134309556.jpg,3472,4640,Cinnamon Toast Crunch,2519,1090,3152,1838
IMG_20210113_134309556.jpg,3472,4640,Golden Grahams,2857,414,3404,938
IMG_20210113_134309556.jpg,3472,4640,Cinnamon Toast Crunch,2376,3938,3104,4640
IMG_20210113_134309556.jpg,3472,4640,Cinnamon Toast Crunch,2847,3081,3472,3795
IMG_20210113_134222078_HDR.jpg,3472,4640,Lucky Charms,123,1990,919,3067
IMG_20210113_134222078_HDR.jpg,3472,4640,Lucky Charms,819,1910,1638,2976
IMG_20210113_134222078_HDR.jpg,3472,4640,Lucky Charms,757,3495,1742,4640
IMG_20210113_134222078_HDR.jpg,3472,4640,Lucky Charms,1657,3381,2585,4640
IMG_20210113_134222078_HDR.jpg,3472,4640,Lucky Charms,2466,3281,3472,4529
IMG_20210113_134222078_HDR.jpg,3472,4640,Lucky Charms,2223,1552,3309,2881
IMG_20210113_134222078_HDR.jpg,3472,4640,Magic Treasures,1523,1862,2385,2890
IMG_20210113_134222078_HDR.jpg,3472,4640,Froot Loops,2095,333,3023,1433
IMG_20210113_134216637_HDR.jpg,3472,4640,Great Value Frosted Flakes,104,590,928,1710
IMG_20210113_134216637_HDR.jpg,3472,4640,Great Value Frosted Flakes,257,2124,895,3076
IMG_20210113_134216637_HDR.jpg,3472,4640,Cinnamon Toast Crunch,799,1986,1571,3043
IMG_20210113_134216637_HDR.jpg,3472,4640,Cinnamon Toast Crunch,1457,1967,2223,2971
IMG_20210113_134216637_HDR.jpg,3472,4640,Cinnamon Toast Crunch,1119,3467,2109,4576
IMG_20210113_134216637_HDR.jpg,3472,4640,Cinnamon Toast Crunch,1995,3367,3009,4529
IMG_20210113_134216637_HDR.jpg,3472,4640,Cinnamon Toast Crunch,2671,3181,3414,3967
IMG_20210113_134216637_HDR.jpg,3472,4640,Great Value Cinnamon Crunch,2104,1800,2876,2890
IMG_20210113_134216637_HDR.jpg,3472,4640,Great Value Cinnamon Crunch,2733,1705,3472,2848
IMG_20210113_134216637_HDR.jpg,3472,4640,Cinnamon Toast Crunch,838,595,1733,1681
IMG_20210113_134216637_HDR.jpg,3472,4640,Cinnamon Toast Crunch,1628,510,2485,1610
IMG_20210113_134216637_HDR.jpg,3472,4640,Cinnamon Toast Crunch,2385,438,3242,1576
IMG_20210113_134216637_HDR.jpg,3472,4640,Kellogs Frosted Flakes,1,3343,647,4543
IMG_20210113_134242319_HDR.jpg,3472,4640,Kellogs Frosted Flakes,709,1133,2038,3100
IMG_20210113_134242319_HDR.jpg,3472,4640,Great Value Frosted Flakes,1833,1648,2766,2929
